,0,1
0,085-61f62-64_2_2_6,2ea-e3fa1-dd_1_2_6
1,1a4-facc5-f6_1_14_6,2ea-e3fa1-dd_1_2_6
2,1a4-facc5-f6_1_14_6,66d-e1389-ef_1_2_8
3,1a4-facc5-f6_1_14_8,1a4-facc5-f6_1_2_6
4,1a4-facc5-f6_1_2_6,2ea-e3fa1-dd_1_2_8
5,1a4-facc5-f6_1_2_6,2ea-e3fa1-dd_1_2_6
6,1a4-facc5-f6_1_2_8,2ea-e3fa1-dd_1_2_6
7,1a4-facc5-f6_1_2_8,2ea-e3fa1-dd_1_14_6
8,2ea-e3fa1-dd_1_14_6,2ea-e3fa1-dd_1_2_6
9,34f-126a2-af_2_12_8,9f6-6cfd7-ef_1_2_6
10,34f-126a2-af_2_12_8,c41-9afee-85_2_2_6
11,1a4-facc5-f6_1_14_8,66d-e1389-ef_1_2_6
12,2ea-e3fa1-dd_1_2_6,66d-e1389-ef_1_2_8
13,81c-9432f-3c_2_2_8,940-0c670-8e_2_2_6
14,9f6-6cfd7-ef_1_2_6,c41-9afee-85_2_2_6
15,c41-9afee-85_2_2_8,d6e-79485-0a_4_2_6
16,2ea-e3fa1-dd_1_2_6,ef9-f2005-d1_1_2_8
17,2ea-e3fa1-dd_1_14_6,ef9-f2005-d1_1_2_8
18,0bd-ad564-95_1_2_6,5a8-13c57-01_3_2_8
19,0bd-ad564-95_1_4_8,fa2-d4687-40_1_2_8
20,0bd-ad564-95_2_2_6,fa2-d4687-40_1_2_8
21,171-15b02-80_1_2_6,cff-8eda5-31_3_2_8
22,213-578ec-68_2_2_6,cfd-47ed5-d5_3_2_8
23,844-96a93-26_2_2_8,f31-0c101-f7_2_2_6
24,cfd-47ed5-d5_3_2_8,cfd-47ed5-d5_3_4_8
25,ecc-d3fcd-01_2_2_8,ecc-d3fcd-01_2_5_5
26,169-7cf29-90_1_2_6,d7f-dcb14-bf_2_2_8
27,169-7cf29-90_1_2_6,31b-f3f98-8f_1_3_8
28,169-7cf29-90_2_2_8,169-7cf29-90_2_4_8
29,169-7cf29-90_2_4_8,5a8-13c57-01_4_2_6
30,31b-f3f98-8f_1_2_6,31b-f3f98-8f_1_3_8
31,31b-f3f98-8f_1_2_6,d7f-dcb14-bf_2_2_8
32,590-e8744-a1_2_2_6,789-bb1be-81_4_2_8
33,780-3613e-77_1_4_8,d7f-dcb14-bf_2_2_8
34,7f5-53b1b-cc_1_2_8,da8-be0b5-14_3_2_6
35,169-7cf29-90_2_2_8,d7f-dcb14-bf_1_2_6
36,31b-f3f98-8f_1_3_8,d7f-dcb14-bf_2_2_8
37,10d-9c2b3-22_1_2_8,774-fdc06-4f_4_2_6
38,322-90f2b-d4_1_2_8,593-f48b8-d8_2_2_6
39,aad-91db9-84_2_2_8,aad-91db9-84_2_4_8
40,4d2-45a18-96_9_14_8,d9e-e6df6-24_1_2_6
41,593-f48b8-d8_5_2_8,735-db79c-a4_2_2_6
42,245-b413e-e8_6_2_6,2fe-e1ab1-fe_4_2_8
43,80b-307d3-7f_1_2_8,fc5-45a44-5e_2_2_6
44,80b-307d3-7f_1_2_8,80b-307d3-7f_1_5_5
45,80b-307d3-7f_1_5_5,fc5-45a44-5e_2_2_6
46,23f-7fa1d-9e_1_2_8,23f-7fa1d-9e_2_2_6
47,2fe-e1ab1-fe_3_2_8,7f5-8ae37-d4_2_2_6
48,641-c78fd-3b_2_2_8,e46-30657-f9_3_2_6
49,23f-7fa1d-9e_2_2_6,789-bb1be-81_3_2_8
50,23f-7fa1d-9e_2_2_6,de8-06733-db_1_2_6
51,000-5acae-94_2_2_6,1b1-f3311-75_2_2_8
52,593-f48b8-d8_6_2_8,f31-0c101-f7_1_2_6
53,35b-c7441-ac_2_2_6,de0-0b395-6d_1_4_8
54,35b-c7441-ac_2_2_6,da8-0ec2f-0d_1_2_8
55,4d9-4950d-eb_2_2_6,de0-0b395-6d_1_2_8
56,da8-0ec2f-0d_1_2_8,da8-0ec2f-0d_1_4_8
57,4d9-4950d-eb_2_2_6,de0-0b395-6d_1_4_8
58,118-e2964-8d_2_2_8,9a5-9df60-45_3_2_6
59,2e9-db6bf-96_1_2_6,f88-259e5-7e_1_4_8
60,2e9-db6bf-96_1_2_6,f88-259e5-7e_1_2_8
61,2e9-db6bf-96_3_2_8,a18-b5ed0-02_2_2_6
62,f88-259e5-7e_1_2_8,f88-259e5-7e_1_4_8
63,22a-71a0e-27_2_2_6,8cd-8ccea-4b_1_2_8
64,8cd-8ccea-4b_1_2_8,8cd-8ccea-4b_1_4_8
65,ab6-e2b84-11_2_2_6,faa-42ccc-bc_3_2_8
66,3c3-46236-92_1_2_6,bdf-3473f-3b_1_2_8
67,3c3-46236-92_2_2_8,f3d-d885d-62_2_2_6
68,3d4-2c42f-bd_1_2_6,5bc-770c6-9a_2_2_8
69,4b5-44f1a-c3_2_2_8,955-ccaa3-2b_3_2_6
70,f15-75dde-f6_2_2_6,fe9-c5b5f-d6_2_4_8
71,f3d-d885d-62_1_2_8,f3d-d885d-62_2_2_6
72,206-51b0d-8e_1_1_6,eae-f4996-b2_3_2_8
73,306-288da-d1_2_2_6,4d2-45a18-96_4_2_8
74,4d2-45a18-96_4_2_6,4d2-45a18-96_4_2_8
75,4d2-45a18-96_4_2_6,c4d-3b76f-8a_2_2_8
76,4d2-45a18-96_4_2_8,c4d-3b76f-8a_2_2_6
77,c18-3757b-57_2_2_6,c4d-3b76f-8a_2_2_6
78,4d2-45a18-96_4_2_8,c4d-3b76f-8a_2_2_8
79,e6f-ad7ac-af_1_2_6,f5a-db59b-63_2_2_8
80,f15-75dde-f6_2_2_8,fe9-c5b5f-d6_2_2_6
81,f15-75dde-f6_2_2_8,f15-75dde-f6_2_4_8
82,f5a-db59b-63_2_2_8,f5a-db59b-63_2_4_8
83,fe9-c5b5f-d6_2_2_8,fe9-c5b5f-d6_2_4_8
84,1cc-2a715-67_2_2_8,e5c-f2522-a0_1_2_6
85,213-578ec-68_2_2_8,213-578ec-68_2_4_8
86,3d4-2c42f-bd_2_2_6,b43-84800-63_3_2_8
87,940-0c670-8e_3_2_6,e5c-f2522-a0_2_2_8
88,f13-6a3fc-fd_1_2_8,f13-6a3fc-fd_1_5_5
89,12f-29a81-53_1_2_8,4de-d5576-20_3_2_6
90,184-5d5a0-0d_4_2_8,71a-12f85-c9_1_2_6
91,245-b413e-e8_1_2_8,5e6-e1336-79_2_2_6
92,4b5-44f1a-c3_3_2_6,e6f-ad7ac-af_2_2_8
93,61d-73476-c0_2_2_8,cca-70247-1e_3_2_6
94,61d-73476-c0_2_2_8,61d-73476-c0_2_4_8
95,81d-202f0-80_1_2_8,912-f5cac-6b_2_2_6
96,957-450d2-14_1_2_8,957-450d2-14_1_5_5
97,c2a-1288a-31_2_2_6,ded-e9edd-b0_1_2_8
98,2fe-e1ab1-fe_2_2_8,f3d-d885d-62_1_2_6
99,2fe-e1ab1-fe_2_2_8,f3d-d885d-62_2_2_8
100,2fe-e1ab1-fe_2_2_8,3c3-46236-92_1_2_8
101,3c3-46236-92_2_2_6,f3d-d885d-62_2_2_8
102,10c-1dc10-c8_2_2_6,2c8-8c181-c8_1_2_8
103,277-45405-4c_2_2_8,71a-12f85-c9_4_2_6
104,2c8-8c181-c8_1_2_8,ecc-d3fcd-01_2_2_8
105,37e-a987a-1c_1_2_8,796-7c246-6f_2_12_6
106,723-92c7a-da_2_2_8,955-ccaa3-2b_1_2_6
107,1ca-b6d8a-ac_2_14_6,fa7-adcbd-2b_1_2_8
108,4de-d5576-20_5_2_8,dc0-20330-8c_1_2_6
109,deb-df1de-dd_1_2_6,e99-36395-44_1_2_8
110,6a3-0753e-4e_3_2_8,b07-24b05-fb_1_2_6
111,255-a3cbf-4f_1_2_8,255-a3cbf-4f_1_5_5
112,5f2-0a2bc-d2_1_2_6,ab1-3cc1f-2b_1_2_8
113,912-f5cac-6b_1_2_6,e99-36395-44_2_2_8
114,cf6-0c371-24_1_2_6,ded-e9edd-b0_2_2_8
115,deb-df1de-dd_1_2_8,e99-36395-44_1_2_6
116,375-d9a88-08_3_2_6,37b-99706-aa_1_2_8
117,375-d9a88-08_3_2_6,37b-99706-aa_1_4_8
118,37b-99706-aa_1_2_8,37b-99706-aa_1_4_8
119,185-74317-66_1_2_8,570-58dd2-15_1_14_6
120,34f-126a2-af_2_2_8,81d-202f0-80_2_2_6
121,34f-126a2-af_2_12_6,9f6-6cfd7-ef_1_2_8
122,b00-62bc0-59_2_2_6,fe0-9215d-26_2_2_8
123,245-b413e-e8_5_2_6,86f-2b977-1b_1_2_8
124,306-288da-d1_2_2_6,47f-8d5a5-cc_1_1_8
125,3b5-53a75-01_1_1_8,3b5-53a75-01_1_2_6
126,3b5-53a75-01_1_2_6,80b-307d3-7f_2_2_8
127,511-8712a-48_1_1_8,eae-f4996-b2_1_2_8
128,5dc-2c2d6-6f_2_2_8,f00-ad908-fb_1_2_8
129,67f-50db3-75_1_2_6,67f-50db3-75_2_2_8
130,67f-50db3-75_2_2_8,67f-50db3-75_2_5_5
131,789-bb1be-81_2_2_8,a47-7aeea-bd_3_2_6
132,80b-307d3-7f_1_2_6,fc5-45a44-5e_2_2_8
133,80b-307d3-7f_2_2_8,80b-307d3-7f_2_5_5
134,3b5-53a75-01_1_2_6,80b-307d3-7f_2_5_5
135,fc5-45a44-5e_1_2_6,fc5-45a44-5e_2_5_5
136,fc5-45a44-5e_2_2_8,fc5-45a44-5e_2_5_5
137,25b-09573-de_1_2_8,774-fdc06-4f_3_2_6
138,4de-d5576-20_4_2_8,5dc-2c2d6-6f_1_2_6
139,912-f5cac-6b_1_2_8,e99-36395-44_2_2_6
140,12f-29a81-53_2_2_6,b69-4cb4f-f0_2_2_8
141,277-45405-4c_3_2_6,f31-0c101-f7_5_2_8
142,277-45405-4c_3_2_6,5b1-43254-d7_1_2_8
143,5b1-43254-d7_1_2_8,f31-0c101-f7_5_2_8
144,b00-62bc0-59_2_2_8,fe0-9215d-26_2_2_6
145,e46-30657-f9_4_2_8,fe0-9215d-26_1_2_6
146,024-55d61-21_3_2_8,570-58dd2-15_3_2_6
147,12f-29a81-53_4_2_8,f00-ad908-fb_2_2_6
148,1fd-f9075-51_4_14_8,3d3-39ed6-b5_1_2_6
149,208-24781-95_1_2_8,3d3-39ed6-b5_1_2_6
150,3b5-53a75-01_1_1_8,67f-50db3-75_1_2_6
151,3d3-39ed6-b5_1_2_6,fd3-85d1a-e4_1_2_8
152,723-92c7a-da_3_2_6,c59-37d46-60_2_2_8
153,b07-24b05-fb_3_2_8,c59-37d46-60_1_2_6
154,b43-84800-63_4_2_6,c18-3757b-57_2_2_8
155,b43-84800-63_4_2_8,c18-3757b-57_2_2_6
156,f88-259e5-7e_2_4_8,fd3-85d1a-e4_1_2_8
157,375-d9a88-08_1_2_8,593-f48b8-d8_3_2_6
158,000-5acae-94_1_2_8,9c3-bf9d8-4b_1_2_6
159,12f-0ee73-9d_2_2_8,12f-0ee73-9d_2_4_8
160,2fe-e1ab1-fe_6_2_6,9e9-70b86-4a_1_2_8
161,375-d9a88-08_1_2_6,593-f48b8-d8_3_2_8
162,375-d9a88-08_2_2_8,deb-90231-cb_3_2_6
163,570-58dd2-15_3_2_8,573-21794-b6_2_4_8
164,12f-0ee73-9d_2_2_8,573-21794-b6_2_4_8
165,576-dc97c-6a_2_2_6,9c3-bf9d8-4b_2_2_8
166,593-f48b8-d8_1_2_6,796-7c246-6f_3_2_8
167,593-f48b8-d8_6_2_6,f31-0c101-f7_1_2_8
168,5f2-0a2bc-d2_2_2_8,9e9-70b86-4a_1_2_8
169,774-fdc06-4f_1_2_8,da8-be0b5-14_1_2_6
170,796-7c246-6f_1_2_8,b72-8ca11-ed_1_2_6
171,b02-26db1-19_1_2_8,da8-be0b5-14_4_2_6
172,9c3-bf9d8-4b_2_2_8,f31-0c101-f7_2_2_6
173,305-fcde2-a8_1_2_6,49c-0265d-8f_3_2_8
174,305-fcde2-a8_2_2_8,4de-d5576-20_1_2_6
175,49c-0265d-8f_3_2_8,49c-0265d-8f_3_6_8
176,c97-57723-4e_1_2_8,cca-70247-1e_1_2_6
177,15b-4d7ae-15_1_2_6,afe-b9f62-22_4_2_8
178,15b-4d7ae-15_2_2_6,833-f03ed-b4_1_2_8
179,245-ed55e-95_1_2_6,73d-85589-c1_1_2_8
180,245-ed55e-95_2_2_6,afe-b9f62-22_4_2_8
181,245-ed55e-95_2_2_6,833-f03ed-b4_2_2_8
182,245-ed55e-95_2_2_8,245-ed55e-95_2_4_8
183,245-ed55e-95_2_2_8,833-f03ed-b4_2_2_6
184,570-58dd2-15_5_2_6,e27-957d1-6f_3_2_6
185,735-db79c-a4_1_2_8,ebe-c2910-91_2_2_8
186,73d-85589-c1_1_2_8,73d-85589-c1_1_4_8
187,833-f03ed-b4_1_2_6,afe-b9f62-22_1_2_6
188,15b-4d7ae-15_2_2_8,833-f03ed-b4_1_2_6
189,833-f03ed-b4_1_2_8,833-f03ed-b4_1_4_8
190,833-f03ed-b4_2_2_8,833-f03ed-b4_2_4_8
191,9b9-3961c-17_1_2_8,ebe-c2910-91_2_2_8
192,afe-b9f62-22_1_2_6,afe-b9f62-22_4_2_8
193,afe-b9f62-22_1_2_6,e27-957d1-6f_3_2_8
194,afe-b9f62-22_1_2_8,e27-957d1-6f_3_2_6
195,735-db79c-a4_1_2_8,b2a-a9022-8f_2_2_6
196,1cc-2a715-67_1_2_8,c2a-1288a-31_1_2_6
197,61d-73476-c0_1_2_8,c97-57723-4e_4_2_6
198,715-f5e1a-fb_3_2_8,8d2-bd9e7-63_1_2_6
199,774-fdc06-4f_1_2_6,da8-be0b5-14_1_2_8
200,b5c-1a7a0-3b_2_2_8,fe0-9215d-26_4_2_6
201,75f-0df4b-c7_5_2_6,9a5-9df60-45_2_2_8
202,a47-7aeea-bd_5_2_8,ea6-32a3e-1f_1_2_8
203,cca-70247-1e_4_2_6,ffc-d8aec-b9_2_2_8
204,ea6-32a3e-1f_1_2_8,ea6-32a3e-1f_2_2_6
205,12f-0ee73-9d_1_2_8,12f-0ee73-9d_1_4_8
206,12f-0ee73-9d_1_2_8,8cd-8ccea-4b_2_2_6
207,031-496be-9c_1_2_8,75f-0df4b-c7_2_2_6
208,0d2-82098-49_1_2_8,780-3613e-77_2_2_6
209,0d2-82098-49_1_2_8,fd3-85d1a-e4_1_2_6
210,13d-5fd39-0f_1_12_4,13d-5fd39-0f_1_2_8
211,13d-5fd39-0f_1_2_8,13d-5fd39-0f_1_5_5
212,169-7cf29-90_2_2_6,5a8-13c57-01_4_2_8
213,213-578ec-68_2_2_8,cfd-47ed5-d5_3_2_6
214,13d-5fd39-0f_1_12_4,830-af1a7-f5_2_2_6
215,fd3-85d1a-e4_1_2_6,fd3-85d1a-e4_1_3_8
216,fd3-85d1a-e4_1_2_8,fd3-85d1a-e4_1_3_6
217,fd3-85d1a-e4_1_2_6,fe0-9215d-26_3_2_8
218,28e-cafe2-cd_2_2_6,576-dc97c-6a_1_2_8
219,28e-cafe2-cd_3_2_8,6a3-0753e-4e_5_2_6
220,715-f5e1a-fb_3_2_6,8d2-bd9e7-63_1_2_8
221,18f-0139f-9a_2_2_8,73d-85589-c1_2_2_6
222,18f-0139f-9a_2_2_8,18f-0139f-9a_2_4_8
223,277-45405-4c_2_2_6,71a-12f85-c9_3_2_6
224,311-c16d6-08_3_2_6,ca2-54d76-d0_1_2_8
225,6a3-0753e-4e_5_2_6,b2a-a9022-8f_2_2_6
226,18f-0139f-9a_2_4_8,73d-85589-c1_2_2_6
227,73d-85589-c1_2_2_8,73d-85589-c1_2_4_8
228,18f-0139f-9a_2_2_6,73d-85589-c1_2_4_8
229,570-58dd2-15_4_2_6,ecc-d3fcd-01_3_2_6
230,641-c78fd-3b_1_2_6,7f5-8ae37-d4_1_2_8
231,1d3-ddf5d-3f_1_2_6,821-6d9a7-60_1_2_8
232,213-578ec-68_1_2_8,213-578ec-68_1_4_8
233,25b-09573-de_4_2_6,81c-9432f-3c_1_2_8
234,4b5-44f1a-c3_1_2_8,cff-8eda5-31_1_2_6
235,4b5-44f1a-c3_2_2_6,955-ccaa3-2b_3_2_8
236,780-3613e-77_1_2_8,780-3613e-77_1_4_8
237,789-bb1be-81_2_2_6,a47-7aeea-bd_3_2_8
238,957-450d2-14_1_2_6,cb3-15811-c3_1_2_8
239,096-90223-92_1_2_6,660-93f7b-4e_2_2_8
240,096-90223-92_2_2_8,ff9-4a40e-8e_1_2_6
241,5bc-770c6-9a_1_2_8,660-93f7b-4e_3_2_6
242,660-93f7b-4e_2_2_8,ff9-4a40e-8e_3_2_6
243,12f-29a81-53_1_2_6,4de-d5576-20_3_2_8
244,1ca-b6d8a-ac_1_2_6,75f-0df4b-c7_1_2_8
245,1ca-b6d8a-ac_3_14_6,ed7-c50a5-b6_1_2_8
246,2e0-3b8cf-a8_1_2_8,eae-f4996-b2_2_2_6
247,305-fcde2-a8_2_14_6,7a2-3259b-eb_1_2_8
248,723-92c7a-da_2_2_6,955-ccaa3-2b_1_2_8
249,570-58dd2-15_2_2_6,aff-40748-70_1_2_8
250,aff-40748-70_1_2_8,aff-40748-70_1_3_6
251,171-15b02-80_1_2_8,cff-8eda5-31_3_2_6
252,171-15b02-80_3_2_6,690-8732e-6c_2_2_8
253,4b5-44f1a-c3_1_2_6,cff-8eda5-31_1_2_8
254,690-8732e-6c_1_2_6,690-8732e-6c_2_2_8
255,cca-70247-1e_4_2_8,ffc-d8aec-b9_2_2_6
256,cff-8eda5-31_1_2_8,cff-8eda5-31_3_2_6
257,000-5acae-94_1_2_6,9c3-bf9d8-4b_1_2_8
258,576-dc97c-6a_2_2_8,9c3-bf9d8-4b_2_2_6
259,9c3-bf9d8-4b_1_2_8,9c3-bf9d8-4b_2_2_6
260,9c3-bf9d8-4b_3_2_6,b07-24b05-fb_5_2_8
261,3c3-46236-92_1_2_8,bdf-3473f-3b_1_2_6
262,ecc-d3fcd-01_3_2_8,ecc-d3fcd-01_3_5_5
263,0bd-ad564-95_2_2_6,fa2-d4687-40_1_4_8
264,13d-5fd39-0f_1_2_6,d1b-0beb5-0e_1_2_6
265,13d-5fd39-0f_1_2_6,830-af1a7-f5_2_5_5
266,13d-5fd39-0f_2_12_4,13d-5fd39-0f_2_2_8
267,13d-5fd39-0f_2_2_8,13d-5fd39-0f_2_5_5
268,570-58dd2-15_2_2_8,aff-40748-70_1_3_8
269,570-58dd2-15_2_2_8,aff-40748-70_1_2_6
270,723-92c7a-da_1_2_8,830-af1a7-f5_1_2_6
271,13d-5fd39-0f_1_2_6,830-af1a7-f5_2_12_4
272,13d-5fd39-0f_1_2_6,830-af1a7-f5_2_2_8
273,830-af1a7-f5_2_2_8,d1b-0beb5-0e_1_1_8
274,830-af1a7-f5_2_2_8,830-af1a7-f5_2_5_5
275,aff-40748-70_1_2_6,aff-40748-70_1_3_8
276,13d-5fd39-0f_2_2_8,d1b-0beb5-0e_1_1_8
277,d1b-0beb5-0e_1_1_8,d1b-0beb5-0e_1_2_6
278,fa2-d4687-40_1_2_8,fa2-d4687-40_1_4_8
279,d1b-0beb5-0e_1_2_6,fc5-45a44-5e_1_2_6
280,fe9-c5b5f-d6_1_2_8,fe9-c5b5f-d6_1_4_8
281,011-40a0f-05_3_2_8,f13-6a3fc-fd_2_2_6
282,3d4-2c42f-bd_2_2_8,b43-84800-63_3_2_6
283,b43-84800-63_2_2_6,e96-6fe8b-b4_1_2_8
284,12f-0ee73-9d_1_2_6,22a-71a0e-27_2_2_8
285,12f-29a81-53_4_2_6,f00-ad908-fb_2_2_8
286,22a-71a0e-27_2_2_8,8cd-8ccea-4b_1_2_6
287,2fe-e1ab1-fe_5_2_6,50d-895d1-ab_3_2_8
288,49c-0265d-8f_2_2_6,c18-3757b-57_1_2_8
289,1d3-ddf5d-3f_1_2_8,821-6d9a7-60_1_2_6
290,1d3-ddf5d-3f_2_2_6,821-6d9a7-60_1_2_6
291,821-6d9a7-60_2_2_8,afe-b9f62-22_3_2_6
292,821-6d9a7-60_1_2_6,821-6d9a7-60_2_2_8
293,957-450d2-14_2_2_8,957-450d2-14_2_5_5
294,821-6d9a7-60_2_2_8,de8-06733-db_3_2_6
295,821-6d9a7-60_1_2_6,e17-276ce-2d_1_2_8
296,085-61f62-64_2_2_8,25b-09573-de_2_2_6
297,4d2-45a18-96_3_2_8,b07-24b05-fb_2_2_6
298,25b-09573-de_1_2_6,774-fdc06-4f_4_2_6
299,c69-38394-a1_1_2_6,ffc-d8aec-b9_1_2_8
300,ffc-d8aec-b9_1_2_8,ffc-d8aec-b9_1_6_8
301,23f-7fa1d-9e_1_2_6,cb9-68576-a9_2_2_6
302,23f-7fa1d-9e_1_2_6,de8-06733-db_1_2_8
303,35b-c7441-ac_1_2_8,de0-0b395-6d_2_2_6
304,35b-c7441-ac_1_2_8,35b-c7441-ac_1_4_8
305,23f-7fa1d-9e_4_2_6,44d-6ee06-90_1_2_8
306,641-c78fd-3b_2_2_6,e46-30657-f9_3_2_8
307,a47-7aeea-bd_4_2_6,cf6-0c371-24_2_2_8
308,cb9-68576-a9_1_2_8,cb9-68576-a9_2_2_6
309,de0-0b395-6d_1_2_8,de0-0b395-6d_1_4_8
310,277-45405-4c_1_2_6,ab1-3cc1f-2b_2_2_8
311,8d2-bd9e7-63_2_2_8,a18-b5ed0-02_1_2_6
312,2e9-db6bf-96_1_2_8,f88-259e5-7e_1_2_6
313,096-90223-92_1_2_6,708-652a2-76_1_2_8
314,011-40a0f-05_2_2_8,f13-6a3fc-fd_2_2_8
315,011-40a0f-05_3_2_6,f13-6a3fc-fd_2_2_8
316,024-55d61-21_1_2_6,2e9-db6bf-96_2_2_8
317,024-55d61-21_1_2_8,2e9-db6bf-96_2_2_6
318,306-288da-d1_3_2_8,ecc-d3fcd-01_3_2_6
319,3b5-53a75-01_1_2_8,80b-307d3-7f_2_2_6
320,573-21794-b6_3_2_8,f88-259e5-7e_2_2_6
321,aad-91db9-84_2_2_6,d03-26c5e-6a_2_2_8
322,b07-24b05-fb_2_14_6,e8a-3aeb7-f9_1_2_8
323,f13-6a3fc-fd_2_2_8,f13-6a3fc-fd_2_5_5
324,4d2-45a18-96_5_2_8,a60-b1b97-ce_2_2_6
325,3b5-53a75-01_1_1_6,3b5-53a75-01_1_2_8
326,3b5-53a75-01_1_1_6,67f-50db3-75_1_2_8
327,67f-50db3-75_1_12_4,67f-50db3-75_1_2_8
328,67f-50db3-75_2_2_6,cca-70247-1e_5_2_8
329,6a3-0753e-4e_6_2_8,f00-ad908-fb_4_2_6
330,4d2-45a18-96_2_2_8,aad-91db9-84_1_2_6
331,305-fcde2-a8_2_2_6,4de-d5576-20_1_2_8
332,660-93f7b-4e_2_2_6,ff9-4a40e-8e_3_2_8
333,437-5805c-9f_1_2_8,6a3-0753e-4e_4_2_6
334,82e-0a518-2b_2_2_6,e27-957d1-6f_1_2_8
335,014-3c8ea-a2_1_2_6,014-3c8ea-a2_2_2_8
336,014-3c8ea-a2_2_2_6,1d3-ddf5d-3f_3_2_8
337,014-3c8ea-a2_2_2_8,1d3-ddf5d-3f_3_2_6
338,085-61f62-64_2_2_6,25b-09573-de_2_2_8
339,171-15b02-80_3_2_8,690-8732e-6c_2_2_6
340,184-5d5a0-0d_4_2_6,71a-12f85-c9_1_2_8
341,1cc-2a715-67_2_2_6,e5c-f2522-a0_1_2_8
342,2fe-e1ab1-fe_1_2_8,542-fb2a0-39_1_2_6
343,4d2-45a18-96_5_2_6,a60-b1b97-ce_2_2_8
344,014-3c8ea-a2_1_2_8,50d-895d1-ab_2_2_6
345,1d3-ddf5d-3f_3_2_6,50d-895d1-ab_3_2_6
346,593-f48b8-d8_5_2_6,735-db79c-a4_2_2_8
347,5f3-d6e0c-76_2_2_8,faa-42ccc-bc_3_2_6
348,6a3-0753e-4e_6_2_6,f00-ad908-fb_4_2_8
349,81d-202f0-80_1_2_6,912-f5cac-6b_2_2_8
350,cf6-0c371-24_1_2_8,ded-e9edd-b0_2_2_6
351,014-3c8ea-a2_1_2_8,e46-30657-f9_1_2_6
352,e5c-f2522-a0_1_2_8,e5c-f2522-a0_2_2_6
353,28e-cafe2-cd_2_2_8,576-dc97c-6a_1_2_6
354,316-88214-94_1_2_8,bdf-3473f-3b_2_2_6
355,844-96a93-26_1_2_6,b00-62bc0-59_1_2_8
356,deb-90231-cb_4_2_8,eee-85a7f-41_2_2_6
357,22a-71a0e-27_2_2_8,22a-71a0e-27_2_4_8
358,3b0-fccbe-98_2_2_8,9e9-70b86-4a_3_2_6
359,437-5805c-9f_2_2_8,b07-24b05-fb_4_2_6
360,437-5805c-9f_2_2_8,437-5805c-9f_2_4_8
361,5d6-d1e39-ac_1_2_8,d46-9b46c-67_2_2_6
362,5d6-d1e39-ac_1_2_8,5d6-d1e39-ac_1_5_5
363,957-450d2-14_2_2_6,ecc-d3fcd-01_1_2_8
364,471-865af-78_1_2_8,e96-6fe8b-b4_2_2_6
365,471-865af-78_1_2_8,fab-f92d4-35_1_2_8
366,50d-895d1-ab_1_2_6,f31-0c101-f7_3_2_8
367,e96-6fe8b-b4_2_2_6,faa-42ccc-bc_2_2_8
368,faa-42ccc-bc_2_2_8,fab-f92d4-35_1_3_6
369,fab-f92d4-35_1_2_8,fab-f92d4-35_1_3_6
370,316-88214-94_3_2_6,735-db79c-a4_3_2_8
371,5bc-770c6-9a_1_2_6,660-93f7b-4e_3_2_8
372,660-93f7b-4e_2_2_6,660-93f7b-4e_3_2_8
373,0d7-4d0fd-4a_1_2_8,d21-732ef-87_2_14_6
374,10c-1dc10-c8_1_2_6,faa-42ccc-bc_4_2_8
375,23f-7fa1d-9e_2_2_8,789-bb1be-81_3_2_6
376,2e0-3b8cf-a8_1_2_6,47f-8d5a5-cc_1_2_8
377,2fe-e1ab1-fe_2_2_6,f3d-d885d-62_1_2_8
378,306-288da-d1_2_2_8,306-288da-d1_2_5_8
379,47f-8d5a5-cc_1_1_6,47f-8d5a5-cc_1_2_8
380,53f-1234b-f2_1_2_6,c97-57723-4e_5_2_8
381,690-8732e-6c_1_2_6,c69-38394-a1_2_2_8
382,715-f5e1a-fb_2_2_6,ded-e9edd-b0_3_2_8
383,743-fde95-97_1_2_8,da8-be0b5-14_2_2_6
384,c97-57723-4e_1_2_6,cca-70247-1e_1_2_8
385,eae-f4996-b2_1_2_6,eae-f4996-b2_2_2_8
386,13d-5fd39-0f_2_2_6,d1b-0beb5-0e_1_2_8
387,d1b-0beb5-0e_1_1_6,d1b-0beb5-0e_1_2_8
388,fc5-45a44-5e_1_2_8,fc5-45a44-5e_1_5_5
389,171-15b02-80_2_2_6,b43-84800-63_5_2_8
390,184-5d5a0-0d_2_2_8,30e-80b09-35_2_2_6
391,821-6d9a7-60_2_2_6,afe-b9f62-22_3_2_8
392,045-5380f-e1_2_2_6,82e-0a518-2b_1_2_8
393,3b0-fccbe-98_2_2_6,9e9-70b86-4a_3_2_8
394,1fd-f9075-51_4_14_6,3d3-39ed6-b5_1_2_8
395,56a-e8fce-5c_1_2_6,573-21794-b6_1_2_8
396,56a-e8fce-5c_2_2_8,56a-e8fce-5c_2_4_8
397,573-21794-b6_3_2_8,573-21794-b6_3_4_8
398,590-e8744-a1_1_2_6,590-e8744-a1_2_2_8
399,56a-e8fce-5c_2_4_8,76c-8d1b0-b2_1_2_6
400,796-7c246-6f_4_2_8,e17-276ce-2d_2_2_6
401,955-ccaa3-2b_2_2_8,a60-b1b97-ce_1_2_6
402,957-450d2-14_1_2_8,cb3-15811-c3_1_2_6
403,277-45405-4c_3_2_8,5b1-43254-d7_1_2_6
404,277-45405-4c_3_2_8,5b1-43254-d7_1_3_8
405,5b1-43254-d7_1_2_6,5b1-43254-d7_1_3_8
406,5b1-43254-d7_1_3_8,f31-0c101-f7_5_2_6
407,277-45405-4c_3_2_8,f31-0c101-f7_5_2_6
408,2c8-8c181-c8_1_2_6,ecc-d3fcd-01_2_2_6
409,593-f48b8-d8_4_2_6,b2a-a9022-8f_1_2_8
410,b2a-a9022-8f_1_2_8,b2a-a9022-8f_1_4_8
411,593-f48b8-d8_4_2_6,b2a-a9022-8f_1_4_8
412,045-5380f-e1_1_2_6,045-5380f-e1_2_2_8
413,045-5380f-e1_2_2_8,82e-0a518-2b_1_2_6
414,0d2-82098-49_1_2_6,780-3613e-77_2_4_8
415,0d2-82098-49_1_2_6,780-3613e-77_2_2_8
416,118-e2964-8d_2_2_6,9a5-9df60-45_3_2_8
417,184-5d5a0-0d_1_2_6,5f2-0a2bc-d2_3_2_8
418,1cc-2a715-67_1_2_6,c2a-1288a-31_1_2_8
419,206-51b0d-8e_1_1_6,206-51b0d-8e_1_2_8
420,316-88214-94_2_2_6,e27-957d1-6f_4_2_8
421,53f-1234b-f2_1_2_8,53f-1234b-f2_1_5_5
422,660-93f7b-4e_1_6_8,708-652a2-76_2_2_6
423,780-3613e-77_2_2_8,780-3613e-77_2_4_8
424,81c-9432f-3c_2_2_6,940-0c670-8e_2_2_8
425,206-51b0d-8e_1_2_8,936-5722e-f1_1_1_6
426,9c3-bf9d8-4b_3_2_8,b07-24b05-fb_5_2_6
427,ca2-54d76-d0_2_2_6,e46-30657-f9_6_2_8
428,d03-26c5e-6a_2_2_8,d03-26c5e-6a_2_4_8
429,f15-75dde-f6_1_2_8,f15-75dde-f6_1_4_8
430,169-7cf29-90_1_2_8,31b-f3f98-8f_1_3_6
431,169-7cf29-90_1_2_8,169-7cf29-90_1_4_8
432,169-7cf29-90_1_4_8,d7f-dcb14-bf_1_2_8
433,31b-f3f98-8f_1_2_8,d7f-dcb14-bf_2_2_6
434,169-7cf29-90_1_2_8,31b-f3f98-8f_1_2_8
435,31b-f3f98-8f_1_2_8,31b-f3f98-8f_1_3_6
436,690-8732e-6c_1_2_8,c69-38394-a1_2_2_6
437,690-8732e-6c_2_2_6,ffc-d8aec-b9_1_2_6
438,31b-f3f98-8f_1_2_8,780-3613e-77_1_2_6
439,780-3613e-77_1_2_6,d7f-dcb14-bf_1_2_8
440,c69-38394-a1_1_2_8,ffc-d8aec-b9_1_2_6
441,c69-38394-a1_1_2_8,c69-38394-a1_1_6_8
442,1d3-ddf5d-3f_2_2_8,e17-276ce-2d_1_2_6
443,1d3-ddf5d-3f_2_2_8,821-6d9a7-60_1_2_8
444,1d3-ddf5d-3f_1_2_6,e17-276ce-2d_1_2_6
445,245-b413e-e8_1_2_6,5e6-e1336-79_2_2_8
446,375-d9a88-08_2_2_6,deb-90231-cb_3_2_8
447,40a-5f66c-b9_1_2_6,aa9-b9ae2-92_2_2_6
448,40a-5f66c-b9_1_2_8,faa-42ccc-bc_1_2_6
449,40a-5f66c-b9_2_2_6,aa9-b9ae2-92_2_2_8
450,40a-5f66c-b9_2_2_8,aa9-b9ae2-92_2_2_6
451,5f3-d6e0c-76_2_2_6,aa9-b9ae2-92_1_2_8
452,5f3-d6e0c-76_2_2_8,aa9-b9ae2-92_1_2_6
453,723-92c7a-da_1_2_6,830-af1a7-f5_1_2_8
454,735-db79c-a4_1_2_6,b2a-a9022-8f_2_2_8
455,830-af1a7-f5_1_2_8,830-af1a7-f5_1_5_5
456,a47-7aeea-bd_1_2_8,d21-732ef-87_1_2_6
457,b2a-a9022-8f_2_2_8,b2a-a9022-8f_2_4_8
458,40a-5f66c-b9_2_2_8,d21-732ef-87_1_2_6
459,25b-09573-de_4_2_8,81c-9432f-3c_1_2_6
460,2e9-db6bf-96_3_2_6,a18-b5ed0-02_2_2_8
461,ecc-d3fcd-01_1_2_8,ecc-d3fcd-01_1_5_5
462,12f-29a81-53_6_2_6,30e-80b09-35_1_2_8
463,316-88214-94_3_2_8,735-db79c-a4_3_2_6
464,322-90f2b-d4_2_2_8,796-7c246-6f_2_2_6
465,593-f48b8-d8_1_2_8,796-7c246-6f_3_2_6
466,305-fcde2-a8_1_2_8,305-fcde2-a8_1_6_8
467,305-fcde2-a8_1_2_8,49c-0265d-8f_3_2_6
468,aad-91db9-84_1_2_8,aad-91db9-84_1_4_8
469,c2a-1288a-31_2_2_8,ded-e9edd-b0_1_2_6
470,f15-75dde-f6_1_2_8,fec-5719d-c3_1_2_6
471,0bd-ad564-95_2_2_8,0bd-ad564-95_2_4_8
472,0bd-ad564-95_2_2_8,34f-126a2-af_4_2_6
473,23f-7fa1d-9e_1_2_8,de8-06733-db_1_2_6
474,2fe-e1ab1-fe_5_2_8,50d-895d1-ab_3_2_6
475,34f-126a2-af_1_2_8,75f-0df4b-c7_3_2_6
476,34f-126a2-af_1_2_8,fa2-d4687-40_2_4_8
477,34f-126a2-af_2_2_6,81d-202f0-80_2_2_8
478,34f-126a2-af_4_2_6,fa2-d4687-40_2_2_8
479,fa2-d4687-40_2_2_8,fa2-d4687-40_2_4_8
480,1ca-b6d8a-ac_1_2_8,75f-0df4b-c7_1_2_6
481,1ca-b6d8a-ac_1_2_8,1ca-b6d8a-ac_2_2_6
482,1ca-b6d8a-ac_2_2_6,25b-09573-de_3_2_8
483,b07-24b05-fb_3_2_6,c59-37d46-60_1_2_8
484,b5c-1a7a0-3b_1_2_6,b68-dac2f-1d_2_2_8
485,e46-30657-f9_4_2_6,fe0-9215d-26_1_2_8
486,011-40a0f-05_1_2_8,011-40a0f-05_2_2_6
487,011-40a0f-05_2_2_6,cb3-15811-c3_1_1_8
488,12f-29a81-53_6_2_8,30e-80b09-35_1_2_6
489,1b1-f3311-75_1_2_8,deb-90231-cb_2_2_8
490,1b1-f3311-75_4_2_6,b72-8ca11-ed_2_2_8
491,255-a3cbf-4f_2_2_8,255-a3cbf-4f_2_5_5
492,255-a3cbf-4f_2_2_8,2e0-3b8cf-a8_1_2_6
493,570-58dd2-15_1_2_8,ea7-cbe31-88_2_2_6
494,61d-73476-c0_1_2_8,61d-73476-c0_1_4_8
495,774-fdc06-4f_6_2_6,de8-06733-db_2_2_8
496,7f5-53b1b-cc_1_2_6,da8-be0b5-14_3_2_8
497,cb3-15811-c3_1_1_8,cb3-15811-c3_1_2_6
498,e5c-f2522-a0_1_2_6,e5c-f2522-a0_2_2_8
499,f88-259e5-7e_2_2_8,f88-259e5-7e_2_4_8
500,096-90223-92_1_2_8,708-652a2-76_1_2_6
501,12f-29a81-53_3_2_8,ff9-4a40e-8e_2_2_6
502,255-a3cbf-4f_2_5_5,ebe-c2910-91_1_5_5
503,397-dabdc-35_1_2_6,50d-895d1-ab_2_2_6
504,397-dabdc-35_1_2_6,e46-30657-f9_2_2_8
505,49c-0265d-8f_1_2_8,b43-84800-63_1_2_6
506,4d2-45a18-96_3_2_6,b07-24b05-fb_2_2_8
507,723-92c7a-da_3_2_8,c59-37d46-60_2_2_6
508,796-7c246-6f_1_2_6,b72-8ca11-ed_1_2_8
509,796-7c246-6f_4_2_6,e17-276ce-2d_2_2_8
510,957-450d2-14_1_5_5,9b9-3961c-17_1_2_6
511,9b9-3961c-17_1_1_8,ebe-c2910-91_2_2_6
512,9b9-3961c-17_1_1_8,9b9-3961c-17_1_2_6
513,a47-7aeea-bd_4_2_8,cf6-0c371-24_2_2_6
514,b43-84800-63_2_2_8,e96-6fe8b-b4_1_2_6
515,d03-26c5e-6a_1_2_8,fec-5719d-c3_2_2_6
516,ebe-c2910-91_1_2_8,ebe-c2910-91_1_5_5
517,12f-0ee73-9d_1_2_6,8cd-8ccea-4b_2_2_8
518,169-7cf29-90_2_2_8,5a8-13c57-01_4_2_6
519,316-88214-94_2_2_8,e27-957d1-6f_4_2_6
520,50d-895d1-ab_1_2_8,f31-0c101-f7_3_2_6
521,573-21794-b6_3_2_6,f88-259e5-7e_2_2_8
522,780-3613e-77_1_2_8,d7f-dcb14-bf_1_2_6
523,8d2-bd9e7-63_2_2_6,a18-b5ed0-02_1_2_8
524,d03-26c5e-6a_1_2_6,fec-5719d-c3_2_2_8
525,fec-5719d-c3_2_2_8,fec-5719d-c3_2_4_8
526,2fe-e1ab1-fe_6_2_8,9e9-70b86-4a_1_2_6
527,4d2-45a18-96_1_2_8,6a3-0753e-4e_1_2_6
528,12f-29a81-53_3_2_6,ff9-4a40e-8e_2_2_8
529,5bc-770c6-9a_1_2_8,ff9-4a40e-8e_2_2_8
530,715-f5e1a-fb_2_2_8,ded-e9edd-b0_3_2_6
531,ff9-4a40e-8e_2_2_8,ff9-4a40e-8e_3_2_6
532,56a-e8fce-5c_1_2_8,573-21794-b6_1_2_6
533,56a-e8fce-5c_1_2_8,56a-e8fce-5c_1_4_8
534,56a-e8fce-5c_2_2_6,573-21794-b6_1_2_6
535,56a-e8fce-5c_2_2_6,76c-8d1b0-b2_1_2_8
536,10c-1dc10-c8_1_2_8,faa-42ccc-bc_4_2_6
537,10d-9c2b3-22_1_2_6,774-fdc06-4f_4_2_8
538,118-e2964-8d_1_2_8,118-e2964-8d_1_4_8
539,35b-c7441-ac_1_2_6,de0-0b395-6d_2_2_8
540,35b-c7441-ac_2_2_8,da8-0ec2f-0d_1_2_6
541,35b-c7441-ac_2_2_8,35b-c7441-ac_2_4_8
542,118-e2964-8d_1_2_8,4d9-4950d-eb_1_2_6
543,4d9-4950d-eb_2_2_8,4d9-4950d-eb_2_4_8
544,4d9-4950d-eb_2_4_8,de0-0b395-6d_2_2_8
545,82e-0a518-2b_2_2_8,e27-957d1-6f_1_2_6
546,4d9-4950d-eb_2_2_8,de0-0b395-6d_1_2_6
547,de0-0b395-6d_2_2_8,de0-0b395-6d_2_4_8
548,031-496be-9c_1_2_6,75f-0df4b-c7_2_2_8
549,cff-8eda5-31_2_2_6,f5a-db59b-63_1_2_8
550,f5a-db59b-63_1_2_8,f5a-db59b-63_1_4_8
551,118-e2964-8d_1_2_6,4d9-4950d-eb_1_2_8
552,118-e2964-8d_2_2_8,118-e2964-8d_2_4_8
553,2fe-e1ab1-fe_3_2_6,7f5-8ae37-d4_2_2_8
554,4d9-4950d-eb_1_2_8,4d9-4950d-eb_1_4_8
555,4d9-4950d-eb_1_4_8,4d9-4950d-eb_2_2_6
556,4de-d5576-20_2_2_6,b69-4cb4f-f0_1_2_8
557,a47-7aeea-bd_5_14_6,a47-7aeea-bd_5_2_8
558,a47-7aeea-bd_5_14_6,c96-d4a5d-8e_1_2_8
559,a47-7aeea-bd_5_2_8,ea6-32a3e-1f_2_2_6
560,277-45405-4c_1_2_8,ab1-3cc1f-2b_2_2_6
561,a47-7aeea-bd_1_2_6,d21-732ef-87_1_2_8
562,0bd-ad564-95_1_2_8,0bd-ad564-95_1_4_8
563,0bd-ad564-95_1_2_8,0bd-ad564-95_2_4_8
564,179-f73f8-08_1_2_6,ef9-f2005-d1_1_14_8
565,179-f73f8-08_1_2_8,ef9-f2005-d1_1_14_6
566,220-cca6a-6b_1_2_8,e46-30657-f9_2_14_6
567,255-a3cbf-4f_2_2_6,e72-a08de-c5_1_2_6
568,316-88214-94_1_2_6,bdf-3473f-3b_2_2_8
569,316-88214-94_4_2_6,50d-895d1-ab_4_2_8
570,4de-d5576-20_2_2_8,b69-4cb4f-f0_1_2_6
571,593-f48b8-d8_7_2_6,c87-6caf8-11_2_2_8
572,593-f48b8-d8_7_2_8,c87-6caf8-11_2_2_6
573,66d-e1389-ef_1_14_8,f9e-c2fb2-00_1_2_6
574,66d-e1389-ef_1_14_8,ef9-f2005-d1_1_14_8
575,c87-6caf8-11_1_2_6,f31-0c101-f7_4_2_8
576,c87-6caf8-11_1_2_8,c87-6caf8-11_1_4_8
577,ef9-f2005-d1_1_14_8,f31-0c101-f7_4_2_8
578,c87-6caf8-11_1_4_8,f31-0c101-f7_4_2_6
579,593-f48b8-d8_7_2_6,f9e-c2fb2-00_1_2_6
580,66d-e1389-ef_1_14_6,f9e-c2fb2-00_1_2_8
581,311-c16d6-08_3_2_8,ca2-54d76-d0_1_2_6
582,34f-126a2-af_3_2_6,5a8-13c57-01_2_2_8
583,5a8-13c57-01_2_2_8,5a8-13c57-01_2_6_8
584,957-450d2-14_2_2_8,ecc-d3fcd-01_1_2_6
585,957-450d2-14_2_5_5,ecc-d3fcd-01_1_2_6
586,1b1-f3311-75_3_2_8,fe9-c5b5f-d6_1_2_6
587,277-45405-4c_2_2_6,71a-12f85-c9_4_2_8
588,743-fde95-97_1_2_6,da8-be0b5-14_2_2_8
589,1b1-f3311-75_4_2_8,b72-8ca11-ed_2_2_6
590,206-51b0d-8e_1_1_8,eae-f4996-b2_3_2_6
591,206-51b0d-8e_1_1_8,936-5722e-f1_1_1_8
592,311-c16d6-08_1_2_8,5a8-13c57-01_1_2_6
593,311-c16d6-08_2_2_6,e46-30657-f9_1_2_8
594,4d9-4950d-eb_1_2_6,de0-0b395-6d_1_2_6
595,507-3608f-50_1_1_8,75f-0df4b-c7_4_2_8
596,75f-0df4b-c7_4_2_8,887-202cd-b2_2_2_8
597,936-5722e-f1_1_1_8,936-5722e-f1_1_2_6
598,936-5722e-f1_1_2_6,d46-9b46c-67_1_2_8
599,d46-9b46c-67_1_11_5,d46-9b46c-67_1_2_8
600,936-5722e-f1_1_2_6,eae-f4996-b2_3_2_6
601,34f-126a2-af_3_2_8,5a8-13c57-01_2_2_6
602,34f-126a2-af_3_2_8,34f-126a2-af_3_6_8
603,011-40a0f-05_1_2_6,ecc-d3fcd-01_1_2_6
604,10c-1dc10-c8_1_2_8,10c-1dc10-c8_2_2_6
605,1b1-f3311-75_3_2_6,fe9-c5b5f-d6_1_4_8
606,375-d9a88-08_3_2_8,37b-99706-aa_1_2_6
607,3d4-2c42f-bd_1_2_8,5bc-770c6-9a_2_2_6
608,3d4-2c42f-bd_1_2_8,3d4-2c42f-bd_2_2_6
609,6a0-2b46f-21_1_2_8,c97-57723-4e_3_2_6
610,deb-90231-cb_4_2_6,eee-85a7f-41_2_2_8
611,f15-75dde-f6_1_2_6,fec-5719d-c3_1_2_8
612,fec-5719d-c3_1_2_8,fec-5719d-c3_1_4_8
613,322-90f2b-d4_1_2_6,593-f48b8-d8_2_2_8
614,49c-0265d-8f_1_2_6,b43-84800-63_1_2_8
615,844-96a93-26_1_2_8,b00-62bc0-59_1_2_6
616,844-96a93-26_1_2_8,f31-0c101-f7_2_2_8
617,844-96a93-26_2_2_6,f31-0c101-f7_2_2_8
618,15b-4d7ae-15_1_2_8,15b-4d7ae-15_1_4_8
619,245-ed55e-95_1_2_8,245-ed55e-95_1_4_8
620,245-ed55e-95_1_4_8,73d-85589-c1_1_2_6
621,15b-4d7ae-15_1_4_8,afe-b9f62-22_4_2_6
622,4b5-44f1a-c3_1_2_8,ffc-d8aec-b9_1_2_6
623,22a-71a0e-27_1_2_8,22a-71a0e-27_1_4_8
624,22a-71a0e-27_1_2_8,22a-71a0e-27_2_2_6
625,5f2-0a2bc-d2_1_2_8,ab1-3cc1f-2b_1_2_6
626,76c-8d1b0-b2_1_2_8,76c-8d1b0-b2_1_4_8
627,940-0c670-8e_1_2_6,9a5-9df60-45_1_2_8
628,397-dabdc-35_1_2_8,dc0-20330-8c_1_2_6
629,471-865af-78_1_2_6,e96-6fe8b-b4_2_2_8
630,471-865af-78_1_3_8,fab-f92d4-35_1_2_6
631,471-865af-78_1_2_6,471-865af-78_1_3_8
632,774-fdc06-4f_5_2_8,a47-7aeea-bd_2_2_6
633,471-865af-78_1_3_8,e96-6fe8b-b4_2_2_8
634,faa-42ccc-bc_2_2_6,fab-f92d4-35_1_3_8
635,fab-f92d4-35_1_2_6,fab-f92d4-35_1_3_8
636,096-90223-92_2_2_6,ff9-4a40e-8e_1_2_8
637,2fe-e1ab1-fe_1_2_6,542-fb2a0-39_1_2_8
638,542-fb2a0-39_1_2_8,86f-2b977-1b_2_2_8
639,5dc-2c2d6-6f_2_2_6,f00-ad908-fb_1_2_8
640,e6f-ad7ac-af_2_2_8,e6f-ad7ac-af_2_4_8
641,22a-71a0e-27_1_2_6,76c-8d1b0-b2_2_4_8
642,22a-71a0e-27_1_2_6,76c-8d1b0-b2_2_2_8
643,570-58dd2-15_3_2_8,573-21794-b6_2_2_8
644,573-21794-b6_2_2_8,573-21794-b6_2_4_8
645,76c-8d1b0-b2_2_2_8,76c-8d1b0-b2_2_4_8
646,34f-126a2-af_1_2_6,75f-0df4b-c7_3_2_8
647,660-93f7b-4e_1_2_6,708-652a2-76_2_2_8
648,708-652a2-76_2_2_8,708-652a2-76_2_4_8
649,708-652a2-76_2_4_8,708-652a2-76_2_5_8
650,75f-0df4b-c7_5_2_8,9a5-9df60-45_2_2_6
651,ca2-54d76-d0_2_2_8,e46-30657-f9_6_2_6
652,ca2-54d76-d0_2_2_8,ca2-54d76-d0_2_4_8
653,56a-e8fce-5c_1_2_6,573-21794-b6_1_4_8
654,573-21794-b6_1_2_8,573-21794-b6_1_4_8
655,5f3-d6e0c-76_1_2_6,cca-70247-1e_6_2_8
656,5f3-d6e0c-76_1_2_8,cca-70247-1e_6_2_6
657,12f-29a81-53_2_2_8,b69-4cb4f-f0_2_2_6
658,47f-8d5a5-cc_1_1_8,47f-8d5a5-cc_1_2_6
659,47f-8d5a5-cc_1_2_6,511-8712a-48_1_1_8
660,b69-4cb4f-f0_1_2_8,b69-4cb4f-f0_2_2_6
